{
   "HID": {
      "0": [
         -5629.9800000000105,
         -4219.2626636904815
      ],
      "1": [
         -4219.2626636904815,
         -2825.8679553571437
      ],
      "2": [
         -2825.8679553571437,
         -1823.3710362654272
      ],
      "3": [
         -1823.3710362654272,
         -667.7730451940007
      ],
      "4": [
         -667.7730451940007,
         659.6429077380964
      ],
      "5": [
         659.6429077380964,
         1914.029895833328
      ],
      "6": [
         1914.029895833328,
         3134.2476785714225
      ],
      "7": [
         3134.2476785714225,
         4481.832083333313
      ]
   },
   "TER": {
      "0": [
         -4637.967499999999,
         -3113.8832638888875
      ],
      "1": [
         -3113.8832638888875,
         -1572.987924808428
      ],
      "2": [
         -1572.987924808428,
         -526.2882520653739
      ],
      "3": [
         -526.2882520653739,
         394.891747089461
      ],
      "4": [
         394.891747089461,
         1261.368171568627
      ],
      "5": [
         1261.368171568627,
         2093.2750833333325
      ],
      "6": [
         2093.2750833333325,
         3569.739027777777
      ],
      "7": [
         3569.739027777777,
         5150.146249999998
      ]
   },
   "CE_SECO": {
      "0": [
         -395.5088125000038,
         -298.000034375002
      ],
      "1": [
         -298.000034375002,
         -133.69305729166695
      ],
      "2": [
         -133.69305729166695,
         -18.097297981770634
      ],
      "3": [
         -18.097297981770634,
         67.28129478783731
      ],
      "4": [
         67.28129478783731,
         158.12931073835765
      ],
      "5": [
         158.12931073835765,
         277.89563255208355
      ],
      "6": [
         277.89563255208355,
         417.9254680555558
      ],
      "7": [
         417.9254680555558,
         562.7951458333337
      ]
   },
   "GE_SECO": {
      "0": [
         -532.5520833333285,
         -310.69843567251417
      ],
      "1": [
         -310.69843567251417,
         -180.71566136695836
      ],
      "2": [
         -180.71566136695836,
         -80.33371022727272
      ],
      "3": [
         -80.33371022727272,
         20.8095015782825
      ],
      "4": [
         20.8095015782825,
         136.92212222222147
      ],
      "5": [
         136.92212222222147,
         322.5365784722218
      ],
      "6": [
         322.5365784722218,
         525.8120291666678
      ],
      "7": [
         525.8120291666678,
         667.2664166666727
      ]
   },
   "DM_SECO": {
      "0": [
         -280.66243750000285,
         -183.46753749999982
      ],
      "1": [
         -183.46753749999982,
         -78.83295659722206
      ],
      "2": [
         -78.83295659722206,
         14.741632605013079
      ],
      "3": [
         14.741632605013079,
         85.75814458418046
      ],
      "4": [
         85.75814458418046,
         167.44466803075417
      ],
      "5": [
         167.44466803075417,
         266.35270882936595
      ],
      "6": [
         266.35270882936595,
         411.53798263888893
      ],
      "7": [
         411.53798263888893,
         531.479187500001
      ]
   },
   "CI_SECO": {
      "0": [
         -453.90750000000116,
         -418.6191666666669
      ],
      "1": [
         -418.6191666666669,
         -285.60781249999815
      ],
      "2": [
         -285.60781249999815,
         -46.98612499999856
      ],
      "3": [
         -46.98612499999856,
         156.89319940476173
      ],
      "4": [
         156.89319940476173,
         482.6758869047564
      ],
      "5": [
         482.6758869047564,
         971.3840625000012
      ],
      "6": [
         971.3840625000012,
         1229.2686458333374
      ],
      "7": [
         1229.2686458333374,
         1254.7670833333395
      ]
   },
   "EA_SECO": {
      "0": [
         -6224.4270833333285,
         -4799.846002450979
      ],
      "1": [
         -4799.846002450979,
         -3101.53334375
      ],
      "2": [
         -3101.53334375,
         -1504.5416397591673
      ],
      "3": [
         -1504.5416397591673,
         -141.06454710144865
      ],
      "4": [
         -141.06454710144865,
         1004.3960676964164
      ],
      "5": [
         1004.3960676964164,
         2604.360677944862
      ],
      "6": [
         2604.360677944862,
         4483.496039491756
      ],
      "7": [
         4483.496039491756,
         6129.755895833325
      ]
   },
   "LPC_SECO": {
      "0": [
         -7.581833333333293,
         -6.086757812500002
      ],
      "1": [
         -6.086757812500002,
         -3.96940141369047
      ],
      "2": [
         -3.96940141369047,
         -1.664154491341988
      ],
      "3": [
         -1.664154491341988,
         0.10137918660286861
      ],
      "4": [
         0.10137918660286861,
         1.5430007538377182
      ],
      "5": [
         1.5430007538377182,
         3.4159068080357136
      ],
      "6": [
         3.4159068080357136,
         5.57319890873016
      ],
      "7": [
         5.57319890873016,
         7.454062499999992
      ]
   },
   "PIB": {
      "0": [
         -3354.4833333333954,
         -946.3216666666791
      ],
      "1": [
         -946.3216666666791,
         1422.6082500000146
      ],
      "2": [
         1422.6082500000146,
         2714.4026046747945
      ],
      "3": [
         2714.4026046747945,
         5048.503590785909
      ],
      "4": [
         5048.503590785909,
         7447.660879629635
      ],
      "5": [
         7447.660879629635,
         8805.999768518528
      ],
      "6": [
         8805.999768518528,
         10680.861805555525
      ],
      "7": [
         10680.861805555525,
         12865.437499999767
      ]
   }
}